Data Pertubations,,,,,,,,,,,,,,,,,,,,,,,,,,
,,,,,,,,,,,,,,,,,,,,,,,,,,
,,,German Credit,,,,,,,,,,,,,,,,,,,,,,,
,,,NICE,,,,DiCE,,,,cfxplorer,,,,OCEAN,,,,Feature Tweak,,,,CEML,,,
Pertbation,Bin,Data,Mean Validity,Std Validity,Mean Accuracy,Std Accuracy,Mean Validity,Std Validity,Mean Accuracy,Std Accuracy,Mean Validity,Std Validity,Mean Accuracy,Std Accuracy,Mean Validity,Std Validity,Mean Accuracy,Std Accuracy,Mean Validity,Std Validity,Mean Accuracy,Std Accuracy,Mean Validity,Std Validity,Mean Accuracy,Std Accuracy
minor_deletion,0,Remove 0% ,1,0,0.736,0.0092,1,0,0.736,0.0092,1,0,0.736,0.0092,0.378,0.0431,0.737,0.0218,1,0,0.736,0.009,,,,
minor_deletion,5,Remove 5% ,0.76,0.0523,0.735,0.0071,0.773,0.0448,0.735,0.0071,0.726,0.0877,0.735,0.0071,0.376,0.035,0.722,0.0199,0.666,0.079,0.735,0.007,,,,
minor_deletion,10,Remove 10%,0.76,0.0924,0.741,0.0107,0.657,0.0426,0.741,0.0107,0.725,0.0979,0.741,0.0107,0.371,0.0306,0.726,0.0146,0.676,0.05,0.741,0.011,,,,
minor_deletion,15,Remove 15%,0.749,0.0759,0.736,0.0073,0.719,0.0432,0.736,0.0073,0.74,0.0512,0.736,0.0073,0.388,0.024,0.726,0.0242,0.599,0.175,0.736,0.007,,,,
minor_deletion,20,Remove 20%,0.753,0.0617,0.744,0.0116,0.735,0.0708,0.744,0.0116,0.777,0.0147,0.744,0.0116,0.376,0.0497,0.717,0.0269,0.577,0.129,0.744,0.012,,,,
major_deletion,0,Remove 0% ,1,0,0.736,0.0092,1,0,0.736,0.0092,1,0,0.736,0.0092,,,,,1,0,0.736,0.009,,,,
major_deletion,1,Remove 50%,0.74,0.0409,0.744,0.0188,0.535,0.0482,0.744,0.0188,0.712,0.0508,0.744,0.0188,,,,,0.432,0.105,0.744,0.019,,,,
minor_addition,0,Use 80%   ,0.718,0.1073,0.727,0.0133,0.755,0.0731,0.727,0.0133,0.692,0.0536,0.727,0.0133,0.376,0.0497,0.717,0.0269,0.638,0.083,0.727,0.013,,,,
minor_addition,5,Use 85%   ,0.784,0.0571,0.731,0.015,0.768,0.05,0.731,0.015,0.684,0.0505,0.731,0.015,0.388,0.024,0.726,0.0242,0.685,0.092,0.731,0.015,,,,
minor_addition,10,Use 90%   ,0.743,0.0715,0.73,0.0055,0.733,0.1098,0.73,0.0055,0.68,0.0516,0.73,0.0055,0.371,0.0306,0.726,0.0146,0.654,0.133,0.73,0.005,,,,
minor_addition,15,Use 95%   ,0.78,0.0726,0.736,0.0037,0.796,0.0414,0.736,0.0037,0.679,0.0435,0.736,0.0037,0.376,0.035,0.722,0.0199,0.797,0.07,0.736,0.004,,,,
minor_addition,20,Use 100%  ,1,0,0.736,0.0092,1,0,0.736,0.0092,1,0,0.736,0.0092,0.378,0.0431,0.737,0.0218,1,0,0.736,0.009,,,,
major_addition,0,Use 50%   ,0.483,0.1214,0.72,0.0138,0.694,0.0437,0.72,0.0138,0.42,0.0895,0.72,0.0138,0.357,0.0461,0.709,0.0252,0.363,0.099,0.72,0.014,,,,
major_addition,1,Use 100%  ,1,0,0.736,0.0092,1,0,0.736,0.0092,1,0,0.736,0.0092,0.378,0.0431,0.737,0.0218,1,0,0.736,0.009,,,,
,,,,,,,,,,,,,,,,,,,,,,,,,,
,,,,,,,,,,,,,,,,,,,,,,,,,,
,,,Spambase,,,,,,,,,,,,,,,,,,,,,,,
,,,NICE,,,,DiCE,,,,cfxplorer,,,,OCEAN,,,,Feature Tweak,,,,CEML,,,
Pertbation,Bin,Data,Mean Validity,Std Validity,Mean Accuracy,Std Accuracy,Mean Validity,Std Validity,Mean Accuracy,Std Accuracy,Mean Validity,Std Validity,Mean Accuracy,Std Accuracy,Mean Validity,Std Validity,Mean Accuracy,Std Accuracy,Mean Validity,Std Validity,Mean Accuracy,Std Accuracy,Mean Validity,Std Validity,Mean Accuracy,Std Accuracy
minor_deletion,0,Remove 0% ,1,0,0.9255,0.0064,1,0,0.9255,0.0057,1,0,0.9255,0.0064,0.4153,0.1042,0.9522,0.0044,1,0,0.9255,0.0064,,,,
minor_deletion,5,Remove 5% ,0.6694,0.0869,0.9222,0.0051,0.5196,0.0558,0.9222,0.0046,0.5723,0.0959,0.9222,0.0051,0.4146,0.104,0.9531,0.0034,0.6874,0.0958,0.9222,0.0051,,,,
minor_deletion,10,Remove 10%,0.5764,0.1011,0.9159,0.0043,0.4176,0.0559,0.9159,0.0039,0.3856,0.0685,0.9159,0.0043,0.4232,0.0876,0.9531,0.0016,0.536,0.0813,0.9159,0.0043,,,,
minor_deletion,15,Remove 15%,0.4367,0.0536,0.9065,0.0061,0.3359,0.0192,0.9065,0.0055,0.3569,0.0754,0.9065,0.0061,0.4179,0.1056,0.9529,0.0047,0.4497,0.1041,0.9065,0.0061,,,,
minor_deletion,20,Remove 20%,0.3623,0.0191,0.8931,0.0061,0.2644,0.0169,0.8931,0.0055,0.2789,0.0302,0.8931,0.0061,0.4209,0.1072,0.9518,0.0041,0.2284,0.0737,0.8931,0.0061,,,,
major_deletion,0,Remove 0% ,1,0,0.9255,0.0064,1,0,0.9255,0.0057,1,0,0.9255,0.0064,,,,,1,0,0.9255,0.0064,,,,
major_deletion,1,Remove 50%,0,0,0.6059,0.0006,0,0,0.606,0.0005,0,0,0.6059,0.0006,,,,,0,0,0.6059,0.0006,,,,
minor_addition,0,Use 80%   ,0.6492,0.013,0.9135,0.0044,0.5722,0.0545,0.9135,0.0039,0.6275,0.0425,0.9135,0.0044,0.4209,0.1072,0.9518,0.0041,0.4317,0.0319,0.9135,0.0044,,,,
minor_addition,5,Use 85%   ,0.6872,0.0096,0.9172,0.0016,0.5752,0.0392,0.9172,0.0014,0.6451,0.0389,0.9172,0.0016,0.4179,0.1056,0.9529,0.0047,0.552,0.082,0.9172,0.0016,,,,
minor_addition,10,Use 90%   ,0.736,0.0165,0.922,0.0032,0.5941,0.0214,0.922,0.0029,0.6471,0.0295,0.922,0.0032,0.4232,0.0876,0.9531,0.0016,0.6286,0.0845,0.922,0.0032,,,,
minor_addition,15,Use 95%   ,0.835,0.022,0.9259,0.0049,0.6585,0.0524,0.9259,0.0044,0.7092,0.0745,0.9259,0.0049,0.4146,0.104,0.9531,0.0034,0.7851,0.0713,0.9259,0.0049,,,,
minor_addition,20,Use 100%  ,1,0,0.9255,0.0064,1,0,0.9255,0.0057,1,0,0.9255,0.0064,0.4153,0.1042,0.9522,0.0044,1,0,0.9255,0.0064,,,,
major_addition,0,Use 50%   ,0.6593,0.3235,0.8512,0.0726,0.3722,0.0326,0.7905,0.01,0.6344,0.3477,0.8512,0.0726,0.414,0.1034,0.9464,0.0086,0.4886,0.4864,0.8512,0.0726,,,,
major_addition,1,Use 100%  ,1,0,0.9255,0.0064,1,0,0.9255,0.0057,1,0,0.9255,0.0064,0.4153,0.1042,0.9522,0.0044,1,0,0.9255,0.0064,,,,
,,,,,,,,,,,,,,,,,,,,,,,,,,
,,,,,,,,,,,,,,,,,,,,,,,,,,
,,,COMPAS,,,,,,,,,,,,,,,,,,,,,,,
,,,NICE,,,,DiCE,,,,cfxplorer,,,,OCEAN,,,,Feature Tweak,,,,CEML,,,
Pertbation,Bin,Data,Mean Validity,Std Validity,Mean Accuracy,Std Accuracy,Mean Validity,Std Validity,Mean Accuracy,Std Accuracy,Mean Validity,Std Validity,Mean Accuracy,Std Accuracy,Mean Validity,Std Validity,Mean Accuracy,Std Accuracy,Mean Validity,Std Validity,Mean Accuracy,Std Accuracy,Mean Validity,Std Validity,Mean Accuracy,Std Accuracy
minor_deletion,0,Remove 0% ,1,0,0.6844,0.0103,1,0,0.6844,0.0092,1,0,0.6844,0.0103,0.5387,0.0234,0.6656,0.0088,1,0,0.6844,0.0103,,,,
minor_deletion,5,Remove 5% ,0.8394,0.0234,0.6857,0.0098,0.8963,0.0332,0.6857,0.0088,0.8322,0.0922,0.6857,0.0098,0.5415,0.0206,0.6649,0.0034,0.9253,0.0194,0.6857,0.0098,,,,
minor_deletion,10,Remove 10%,0.8109,0.1065,0.6837,0.0093,0.9164,0.0148,0.6837,0.0083,0.8726,0.0759,0.6837,0.0093,0.5384,0.0259,0.6666,0.0049,0.9322,0.0377,0.6837,0.0093,,,,
minor_deletion,15,Remove 15%,0.7981,0.1049,0.681,0.0087,0.8999,0.0236,0.681,0.0077,0.8642,0.0615,0.681,0.0087,0.5384,0.0204,0.663,0.0043,0.9083,0.0688,0.681,0.0087,,,,
minor_deletion,20,Remove 20%,0.8125,0.0916,0.6813,0.0103,0.8875,0.0265,0.6813,0.0092,0.8828,0.0526,0.6813,0.0103,0.5368,0.0166,0.6649,0.0038,0.9187,0.0321,0.6813,0.0103,,,,
major_deletion,0,Remove 0% ,1,0,0.6844,0.0103,1,0,0.6844,0.0092,1,0,0.6844,0.0103,,,,,1,0,0.6844,0.0103,,,,
major_deletion,1,Remove 50%,0.8323,0.0638,0.6828,0.0111,0.8279,0.0322,0.6828,0.0099,0.8829,0.0226,0.6828,0.0111,,,,,0.8795,0.0785,0.6828,0.0111,,,,
minor_addition,0,Use 80%   ,0.6233,0.0975,0.6797,0.011,0.8432,0.0398,0.6797,0.0099,0.7106,0.0774,0.6797,0.011,0.5368,0.0166,0.6649,0.0038,0.8497,0.0714,0.6797,0.011,,,,
minor_addition,5,Use 85%   ,0.7034,0.0776,0.6816,0.011,0.8817,0.0349,0.6816,0.0098,0.7968,0.0332,0.6816,0.011,0.5384,0.0204,0.663,0.0043,0.8384,0.0721,0.6816,0.011,,,,
minor_addition,10,Use 90%   ,0.7443,0.0705,0.6836,0.0103,0.9041,0.0157,0.6836,0.0092,0.824,0.0398,0.6836,0.0103,0.5384,0.0259,0.6666,0.0049,0.9034,0.0505,0.6836,0.0103,,,,
minor_addition,15,Use 95%   ,0.8822,0.0738,0.6836,0.0088,0.9517,0.0066,0.6836,0.0079,0.9274,0.0268,0.6836,0.0088,0.5415,0.0206,0.6649,0.0034,0.9699,0.0219,0.6836,0.0088,,,,
minor_addition,20,Use 100%  ,1,0,0.6844,0.0103,1,0,0.6844,0.0092,1,0,0.6844,0.0103,0.5387,0.0234,0.6656,0.0088,1,0,0.6844,0.0103,,,,
major_addition,0,Use 50%   ,0.745,0.253,0.6823,0.0101,0.772,0.0755,0.6779,0.0092,0.6165,0.1245,0.6779,0.0103,0.5136,0.0144,0.6531,0.0071,0.8402,0.1651,0.6823,0.0101,,,,
major_addition,1,Use 100%  ,1,0,0.6844,0.0103,1,0,0.6844,0.0092,1,0,0.6844,0.0103,0.5387,0.0234,0.6656,0.0088,1,0,0.6844,0.0103,,,,
,,,,,,,,,,,,,,,,,,,,,,,,,,
,,,,,,,,,,,,,,,,,,,,,,,,,,
,,,HELOC,,,,,,,,,,,,,,,,,,,,,,,
,,,NICE,,,,DiCE,,,,cfxplorer,,,,OCEAN,,,,Feature Tweak,,,,CEML,,,
Pertbation,Bin,Data,Mean Validity,Std Validity,Mean Accuracy,Std Accuracy,Mean Validity,Std Validity,Mean Accuracy,Std Accuracy,Mean Validity,Std Validity,Mean Accuracy,Std Accuracy,Mean Validity,Std Validity,Mean Accuracy,Std Accuracy,Mean Validity,Std Validity,Mean Accuracy,Std Accuracy,Mean Validity,Std Validity,Mean Accuracy,Std Accuracy
minor_deletion,0,Remove 0% ,1,0,0.7142,0.01,1,0,0.7142,0.01,1,0,0.7142,0.01,−,−,−,−,1,0,0.7142,0.01,,,,
minor_deletion,5,Remove 5% ,0.5912,0.0502,0.7162,0.0126,0.6124,0.0574,0.7162,0.0126,0.7194,0.0377,0.7162,0.0126,−,−,−,−,0.541,0.0613,0.7162,0.0126,,,,
minor_deletion,10,Remove 10%,0.6035,0.0357,0.7146,0.0154,0.568,0.0417,0.7146,0.0154,0.7226,0.0497,0.7146,0.0154,−,−,−,−,0.5763,0.0556,0.7146,0.0154,,,,
minor_deletion,15,Remove 15%,0.576,0.0456,0.7182,0.0122,0.558,0.0563,0.7182,0.0122,0.6943,0.0394,0.7182,0.0121,−,−,−,−,0.5331,0.0412,0.7182,0.0121,,,,
minor_deletion,20,Remove 20%,0.6023,0.0334,0.7106,0.0115,0.6051,0.0422,0.7106,0.0115,0.7166,0.0414,0.7106,0.0115,−,−,−,−,0.5406,0.0685,0.7106,0.0115,,,,
major_deletion,0,Remove 0% ,1,0,0.7142,0.01,1,0,0.7142,0.01,1,0,0.7142,0.01,−,−,−,−,1,0,0.7142,0.01,,,,
major_deletion,1,Remove 50%,0.5432,0.0423,0.7146,0.0111,0.5576,0.0312,0.7146,0.0111,0.6507,0.0436,0.7146,0.0111,−,−,−,−,0.3853,0.1299,0.7146,0.0111,,,,
minor_addition,0,Use 80%   ,0.4972,0.0162,0.7162,0.0105,0.5256,0.0545,0.7162,0.0105,0.6575,0.033,0.7162,0.0105,−,−,−,−,0.498,0.0708,0.7162,0.0105,,,,
minor_addition,5,Use 85%   ,0.4808,0.0372,0.715,0.0112,0.5069,0.064,0.715,0.0112,0.6343,0.0445,0.715,0.0111,−,−,−,−,0.538,0.0612,0.715,0.0111,,,,
minor_addition,10,Use 90%   ,0.5288,0.0452,0.7158,0.0073,0.5632,0.0431,0.7158,0.0073,0.6463,0.0602,0.7158,0.0073,−,−,−,−,0.5742,0.0784,0.7158,0.0073,,,,
minor_addition,15,Use 95%   ,0.5372,0.0081,0.711,0.0061,0.5444,0.0552,0.711,0.0061,0.6639,0.0334,0.711,0.0061,−,−,−,−,0.6052,0.0527,0.711,0.0061,,,,
minor_addition,20,Use 100%  ,1,0,0.7142,0.01,1,0,0.7142,0.01,1,0,0.7142,0.01,−,−,−,−,1,0,0.7142,0.01,,,,
major_addition,0,Use 50%   ,0.3725,0.0476,0.7086,0.0117,0.4821,0.063,0.7086,0.0117,0.5044,0.0437,0.7086,0.0117,−,−,−,−,0.3962,0.0731,0.7086,0.0117,,,,
major_addition,1,Use 100%  ,1,0,0.7142,0.01,1,0,0.7142,0.01,1,0,0.7142,0.01,−,−,−,−,1,0,0.7142,0.01,,,,
